{"val_loss":0.20866374671459198,"epoch":10,"train_loss":0.32192736864089966,"_step":958,"_wandb":{"runtime":45},"_timestamp":1.7366919054137816e+09,"train_acc":0.90625,"trainer/global_step":930,"test_acc":0.9332000017166138,"_runtime":45.138350536,"logits":{"_type":"histogram","values":[1,0,0,0,0,0,0,0,0,0,0,1,0,2,0,3,1,0,3,1,1,7,5,3,5,4,7,6,16,23,18,19,20,38,30,29,44,49,41,48,43,34,22,24,20,12,9,4,6,5,10,6,7,3,1,3,0,3,2,0,0,0,0,1],"bins":[-26.268146514892578,-25.597209930419922,-24.9262752532959,-24.255338668823242,-23.58440399169922,-22.913467407226562,-22.24253273010254,-21.571596145629883,-20.90066146850586,-20.229724884033203,-19.55879020690918,-18.887853622436523,-18.2169189453125,-17.545982360839844,-16.87504768371582,-16.204111099243164,-15.53317642211914,-14.862239837646484,-14.191304206848145,-13.520368576049805,-12.849432945251465,-12.178497314453125,-11.507561683654785,-10.836626052856445,-10.165690422058105,-9.494754791259766,-8.823819160461426,-8.152883529663086,-7.481947898864746,-6.811012268066406,-6.140076637268066,-5.469141006469727,-4.798205375671387,-4.127269744873047,-3.456334114074707,-2.785398483276367,-2.1144628524780273,-1.443527102470398,-0.7725914120674133,-0.1016557514667511,0.5692799091339111,1.240215539932251,1.9111511707305908,2.5820868015289307,3.2530226707458496,3.9239583015441895,4.594893932342529,5.265829563140869,5.936765193939209,6.607700824737549,7.278636455535889,7.9495720863342285,8.620508193969727,9.291443824768066,9.962379455566406,10.633315086364746,11.304250717163086,11.975186347961426,12.646121978759766,13.317057609558105,13.987993240356445,14.658928871154785,15.329864501953125,16.00079917907715,16.671735763549805]},"test_loss":0.20866374671459198,"val_acc":0.9332000017166138}