{"train_loss":0.1324843466281891,"train_accuracy":0.9375,"_wandb":{"runtime":69},"_timestamp":1.736456501652718e+09,"_runtime":69.185041832,"_step":4689}