{"logits":{"_type":"histogram","values":[1,0,1,0,0,0,0,0,3,5,3,4,2,0,2,2,7,3,6,9,10,10,7,8,15,18,17,25,33,29,26,30,32,34,39,24,36,14,29,24,14,18,16,11,4,18,6,4,4,8,5,7,1,3,4,0,3,3,0,1,1,0,0,1],"bins":[-19.76338005065918,-19.209442138671875,-18.65550422668457,-18.101564407348633,-17.547626495361328,-16.993688583374023,-16.43975067138672,-15.885811805725098,-15.331872940063477,-14.777935028076172,-14.22399616241455,-13.670058250427246,-13.116119384765625,-12.56218147277832,-12.0082426071167,-11.454304695129395,-10.900365829467773,-10.346427917480469,-9.792490005493164,-9.238551139831543,-8.684613227844238,-8.130674362182617,-7.576735973358154,-7.022797584533691,-6.468859672546387,-5.914921283721924,-5.360982894897461,-4.807044506072998,-4.253106117248535,-3.6991677284240723,-3.1452293395996094,-2.5912909507751465,-2.0373525619506836,-1.4834141731262207,-0.9294758439064026,-0.3755374848842621,0.17840087413787842,0.7323392629623413,1.2862775325775146,1.8402159214019775,2.3941543102264404,2.9480926990509033,3.502031087875366,4.05596923828125,4.609907627105713,5.163846015930176,5.717784404754639,6.271722793579102,6.8256611824035645,7.379599571228027,7.93353796005249,8.487476348876953,9.041414260864258,9.595353126525879,10.149291038513184,10.703229904174805,11.25716781616211,11.81110668182373,12.365044593811035,12.918983459472656,13.472921371459961,14.026860237121582,14.580798149108887,15.134737014770508,15.688674926757812]},"_timestamp":1.7366904010029445e+09,"epoch":9,"_step":957,"_runtime":45.729338414,"trainer/global_step":929,"train_loss":0.5374142527580261,"_wandb":{"runtime":45},"train_acc":0.875,"val_loss":0.20874148607254028}