{"trainer/global_step":930,"_runtime":44.385221416,"val_acc":0.9408000111579895,"_wandb":{"runtime":44},"logits":{"_type":"histogram","values":[2,0,0,0,1,0,1,1,0,1,1,1,0,4,6,4,3,3,4,8,5,4,6,14,15,13,15,13,22,31,24,28,34,37,37,34,34,31,31,19,15,16,17,12,11,9,8,5,5,6,7,8,4,8,3,5,3,5,0,0,2,0,2,2],"bins":[-18.582870483398438,-18.089794158935547,-17.596717834472656,-17.103641510009766,-16.610565185546875,-16.117488861083984,-15.62441349029541,-15.13133716583252,-14.638260841369629,-14.145184516906738,-13.652109146118164,-13.159032821655273,-12.665956497192383,-12.172880172729492,-11.679803848266602,-11.186727523803711,-10.69365119934082,-10.200575828552246,-9.707499504089355,-9.214423179626465,-8.721346855163574,-8.228270530700684,-7.735194683074951,-7.2421183586120605,-6.749042510986328,-6.2559661865234375,-5.762889862060547,-5.269813537597656,-4.776737689971924,-4.283661365509033,-3.7905852794647217,-3.297508955001831,-2.8044328689575195,-2.311356782913208,-1.8182804584503174,-1.3252043724060059,-0.8321281671524048,-0.3390519917011261,0.1540241837501526,0.6471003293991089,1.14017653465271,1.633252739906311,2.126328945159912,2.6194050312042236,3.112481117248535,3.605557441711426,4.098633766174316,4.591709613800049,5.0847859382629395,5.57786226272583,6.0709381103515625,6.564014434814453,7.057090759277344,7.550166606903076,8.043243408203125,8.5363187789917,9.02939510345459,9.52247142791748,10.015547752380371,10.508624076843262,11.001700401306152,11.494775772094727,11.987852096557617,12.480928421020508,12.974004745483398]},"train_acc":0.875,"epoch":10,"test_acc":0.9408000111579895,"_timestamp":1.736691393235189e+09,"train_loss":0.37333136796951294,"val_loss":0.1900503933429718,"test_loss":0.1900503933429718,"_step":958}